product_ending_price,product_manufacturer,product_name,product_starting_price
59,Modena,Modena Men’s Regular & Contemporary (Slim) Fit Long Sleeve Solid Dress Shirt – Colors (All Sizes),19
59,,Roots of Fight Officially Licensed Men's Mike Tyson Tees/Tanks,39
24,,American Apparel BB401 Men's Unisex Poly-Cotton Short-Sleeve Crewneck,6
28,Thrasher,Men's Boyfriend T-Shirt,22
86,Columbia,"Columbia Men’s Bonehead Short-Sleeve Work Shirt, Comfortable and Breathable",16
,Southern Legends,Southern Legends Mens Hunting Camo T-Shirt,9
86,Columbia,"Columbia Men’s Bonehead Short-Sleeve Work Shirt, Comfortable and Breathable",16
,"WOMACK,BOBBY",Fly Me To The Moon,26
,,uxcell Men Casual White Striped Checked Short Sleeves Crew Neck T Shirt,15
43,ProAms,Prouds of America Independence Day 4th of July T-Shirt for Men,34
86,Columbia,"Columbia Men’s Bonehead Short-Sleeve Work Shirt, Comfortable and Breathable",16
59,Modena,Modena Men’s Regular & Contemporary (Slim) Fit Long Sleeve Solid Dress Shirt – Colors (All Sizes),19
59,Modena,Modena Men’s Regular & Contemporary (Slim) Fit Long Sleeve Solid Dress Shirt – Colors (All Sizes),19
59,Modena,Modena Men’s Regular & Contemporary (Slim) Fit Long Sleeve Solid Dress Shirt – Colors (All Sizes),19
59,Modena,Modena Men’s Regular & Contemporary (Slim) Fit Long Sleeve Solid Dress Shirt – Colors (All Sizes),19
,MGLA,Groza,20
,,Ajaxx63 Men's AF Chew Toy T-Shirt,29
59,Modena,Modena Men’s Regular & Contemporary (Slim) Fit Long Sleeve Solid Dress Shirt – Colors (All Sizes),19
59,Modena,Modena Men’s Regular & Contemporary (Slim) Fit Long Sleeve Solid Dress Shirt – Colors (All Sizes),19
,New Era,New Era Flag Short Sleeve T-Shirt,8
59,Modena,Modena Men’s Regular & Contemporary (Slim) Fit Long Sleeve Solid Dress Shirt – Colors (All Sizes),19
,HORN,Jahreszeiten / Die Kraft Der Szenarien,20
59,Modena,Modena Men’s Regular & Contemporary (Slim) Fit Long Sleeve Solid Dress Shirt – Colors (All Sizes),19
59,Modena,Modena Men’s Regular & Contemporary (Slim) Fit Long Sleeve Solid Dress Shirt – Colors (All Sizes),19
59,Modena,Modena Men’s Regular & Contemporary (Slim) Fit Long Sleeve Solid Dress Shirt – Colors (All Sizes),19
59,Modena,Modena Men’s Regular & Contemporary (Slim) Fit Long Sleeve Solid Dress Shirt – Colors (All Sizes),19
59,Modena,Modena Men’s Regular & Contemporary (Slim) Fit Long Sleeve Solid Dress Shirt – Colors (All Sizes),19
,,Cine Passion,
59,Modena,Modena Men’s Regular & Contemporary (Slim) Fit Long Sleeve Solid Dress Shirt – Colors (All Sizes),19
59,Modena,Modena Men’s Regular & Contemporary (Slim) Fit Long Sleeve Solid Dress Shirt – Colors (All Sizes),19
48,Nautica,Nautica Men Classic Fit Polo Pique T-Shirt,15
59,Modena,Modena Men’s Regular & Contemporary (Slim) Fit Long Sleeve Solid Dress Shirt – Colors (All Sizes),19
59,Modena,Modena Men’s Regular & Contemporary (Slim) Fit Long Sleeve Solid Dress Shirt – Colors (All Sizes),19
59,Modena,Modena Men’s Regular & Contemporary (Slim) Fit Long Sleeve Solid Dress Shirt – Colors (All Sizes),19
59,Modena,Modena Men’s Regular & Contemporary (Slim) Fit Long Sleeve Solid Dress Shirt – Colors (All Sizes),19
,MESARTHIM,Absence,14
59,Modena,Modena Men’s Regular & Contemporary (Slim) Fit Long Sleeve Solid Dress Shirt – Colors (All Sizes),19
59,Modena,Modena Men’s Regular & Contemporary (Slim) Fit Long Sleeve Solid Dress Shirt – Colors (All Sizes),19
29,,U.S. Polo Assn. Men's Espadrilles,21
59,Modena,Modena Men’s Regular & Contemporary (Slim) Fit Long Sleeve Solid Dress Shirt – Colors (All Sizes),19
59,Modena,Modena Men’s Regular & Contemporary (Slim) Fit Long Sleeve Solid Dress Shirt – Colors (All Sizes),19
59,Modena,Modena Men’s Regular & Contemporary (Slim) Fit Long Sleeve Solid Dress Shirt – Colors (All Sizes),19
15,Harp,Harp Distressed Label Tee,9
59,Modena,Modena Men’s Regular & Contemporary (Slim) Fit Long Sleeve Solid Dress Shirt – Colors (All Sizes),19
,Versace,Versace Collection White Half Medusa T-Shirt,84
59,Modena,Modena Men’s Regular & Contemporary (Slim) Fit Long Sleeve Solid Dress Shirt – Colors (All Sizes),19
59,Modena,Modena Men’s Regular & Contemporary (Slim) Fit Long Sleeve Solid Dress Shirt – Colors (All Sizes),19
59,Modena,Modena Men’s Regular & Contemporary (Slim) Fit Long Sleeve Solid Dress Shirt – Colors (All Sizes),19
59,Modena,Modena Men’s Regular & Contemporary (Slim) Fit Long Sleeve Solid Dress Shirt – Colors (All Sizes),19
59,Modena,Modena Men’s Regular & Contemporary (Slim) Fit Long Sleeve Solid Dress Shirt – Colors (All Sizes),19
59,Modena,Modena Men’s Regular & Contemporary (Slim) Fit Long Sleeve Solid Dress Shirt – Colors (All Sizes),19
59,Modena,Modena Men’s Regular & Contemporary (Slim) Fit Long Sleeve Solid Dress Shirt – Colors (All Sizes),19
59,Modena,Modena Men’s Regular & Contemporary (Slim) Fit Long Sleeve Solid Dress Shirt – Colors (All Sizes),19
59,Modena,Modena Men’s Regular & Contemporary (Slim) Fit Long Sleeve Solid Dress Shirt – Colors (All Sizes),19
59,Modena,Modena Men’s Regular & Contemporary (Slim) Fit Long Sleeve Solid Dress Shirt – Colors (All Sizes),19
59,Modena,Modena Men’s Regular & Contemporary (Slim) Fit Long Sleeve Solid Dress Shirt – Colors (All Sizes),19
59,Modena,Modena Men’s Regular & Contemporary (Slim) Fit Long Sleeve Solid Dress Shirt – Colors (All Sizes),19
59,Modena,Modena Men’s Regular & Contemporary (Slim) Fit Long Sleeve Solid Dress Shirt – Colors (All Sizes),19
,,"Polo Ralph Lauren Men Classic Fit Mesh Polo Shirt, Navy, XX-Large",65
59,Modena,Modena Men’s Regular & Contemporary (Slim) Fit Long Sleeve Solid Dress Shirt – Colors (All Sizes),19
59,Modena,Modena Men’s Regular & Contemporary (Slim) Fit Long Sleeve Solid Dress Shirt – Colors (All Sizes),19
59,Modena,Modena Men’s Regular & Contemporary (Slim) Fit Long Sleeve Solid Dress Shirt – Colors (All Sizes),19
59,Modena,Modena Men’s Regular & Contemporary (Slim) Fit Long Sleeve Solid Dress Shirt – Colors (All Sizes),19
59,Modena,Modena Men’s Regular & Contemporary (Slim) Fit Long Sleeve Solid Dress Shirt – Colors (All Sizes),19
59,Modena,Modena Men’s Regular & Contemporary (Slim) Fit Long Sleeve Solid Dress Shirt – Colors (All Sizes),19
59,Modena,Modena Men’s Regular & Contemporary (Slim) Fit Long Sleeve Solid Dress Shirt – Colors (All Sizes),19
59,Modena,Modena Men’s Regular & Contemporary (Slim) Fit Long Sleeve Solid Dress Shirt – Colors (All Sizes),19
59,Modena,Modena Men’s Regular & Contemporary (Slim) Fit Long Sleeve Solid Dress Shirt – Colors (All Sizes),19
59,Modena,Modena Men’s Regular & Contemporary (Slim) Fit Long Sleeve Solid Dress Shirt – Colors (All Sizes),19
,,Southern Marsh Expedition Series Rainbow Trout SS Pocket T-shirt -xl,35
59,Modena,Modena Men’s Regular & Contemporary (Slim) Fit Long Sleeve Solid Dress Shirt – Colors (All Sizes),19
,,Melos,
,Seeburg Music Library,Happy Music Moments,
59,Modena,Modena Men’s Regular & Contemporary (Slim) Fit Long Sleeve Solid Dress Shirt – Colors (All Sizes),19
59,Modena,Modena Men’s Regular & Contemporary (Slim) Fit Long Sleeve Solid Dress Shirt – Colors (All Sizes),19
,,I Have Anger Issues and A Serious Dislike for Eagles Haters Black T-Shirt,
59,Modena,Modena Men’s Regular & Contemporary (Slim) Fit Long Sleeve Solid Dress Shirt – Colors (All Sizes),19
59,Modena,Modena Men’s Regular & Contemporary (Slim) Fit Long Sleeve Solid Dress Shirt – Colors (All Sizes),19
59,Modena,Modena Men’s Regular & Contemporary (Slim) Fit Long Sleeve Solid Dress Shirt – Colors (All Sizes),19
27,Gaelic Storm,Gaelic Storm,8
59,Modena,Modena Men’s Regular & Contemporary (Slim) Fit Long Sleeve Solid Dress Shirt – Colors (All Sizes),19
59,Modena,Modena Men’s Regular & Contemporary (Slim) Fit Long Sleeve Solid Dress Shirt – Colors (All Sizes),19
59,Modena,Modena Men’s Regular & Contemporary (Slim) Fit Long Sleeve Solid Dress Shirt – Colors (All Sizes),19
59,Modena,Modena Men’s Regular & Contemporary (Slim) Fit Long Sleeve Solid Dress Shirt – Colors (All Sizes),19
59,Modena,Modena Men’s Regular & Contemporary (Slim) Fit Long Sleeve Solid Dress Shirt – Colors (All Sizes),19
59,Modena,Modena Men’s Regular & Contemporary (Slim) Fit Long Sleeve Solid Dress Shirt – Colors (All Sizes),19
59,Modena,Modena Men’s Regular & Contemporary (Slim) Fit Long Sleeve Solid Dress Shirt – Colors (All Sizes),19
59,Modena,Modena Men’s Regular & Contemporary (Slim) Fit Long Sleeve Solid Dress Shirt – Colors (All Sizes),19
59,Modena,Modena Men’s Regular & Contemporary (Slim) Fit Long Sleeve Solid Dress Shirt – Colors (All Sizes),19
59,Modena,Modena Men’s Regular & Contemporary (Slim) Fit Long Sleeve Solid Dress Shirt – Colors (All Sizes),19
59,Modena,Modena Men’s Regular & Contemporary (Slim) Fit Long Sleeve Solid Dress Shirt – Colors (All Sizes),19
59,Modena,Modena Men’s Regular & Contemporary (Slim) Fit Long Sleeve Solid Dress Shirt – Colors (All Sizes),19
59,Modena,Modena Men’s Regular & Contemporary (Slim) Fit Long Sleeve Solid Dress Shirt – Colors (All Sizes),19
,,"Modena Men's Long Sleeve Dress Shirt, 18.5 40-41, Egg Shell",22
,Leos Janacek,SARKA,19
59,Modena,Modena Men’s Regular & Contemporary (Slim) Fit Long Sleeve Solid Dress Shirt – Colors (All Sizes),19
59,Modena,Modena Men’s Regular & Contemporary (Slim) Fit Long Sleeve Solid Dress Shirt – Colors (All Sizes),19
59,Modena,Modena Men’s Regular & Contemporary (Slim) Fit Long Sleeve Solid Dress Shirt – Colors (All Sizes),19
,,"Modena Men's Long Sleeve Dress Shirt, 17 6-7, Lavender",24
59,Modena,Modena Men’s Regular & Contemporary (Slim) Fit Long Sleeve Solid Dress Shirt – Colors (All Sizes),19
59,Modena,Modena Men’s Regular & Contemporary (Slim) Fit Long Sleeve Solid Dress Shirt – Colors (All Sizes),19
59,Modena,Modena Men’s Regular & Contemporary (Slim) Fit Long Sleeve Solid Dress Shirt – Colors (All Sizes),19
59,Modena,Modena Men’s Regular & Contemporary (Slim) Fit Long Sleeve Solid Dress Shirt – Colors (All Sizes),19
59,Modena,Modena Men’s Regular & Contemporary (Slim) Fit Long Sleeve Solid Dress Shirt – Colors (All Sizes),19
59,Modena,Modena Men’s Regular & Contemporary (Slim) Fit Long Sleeve Solid Dress Shirt – Colors (All Sizes),19
59,Modena,Modena Men’s Regular & Contemporary (Slim) Fit Long Sleeve Solid Dress Shirt – Colors (All Sizes),19
59,Modena,Modena Men’s Regular & Contemporary (Slim) Fit Long Sleeve Solid Dress Shirt – Colors (All Sizes),19
59,Modena,Modena Men’s Regular & Contemporary (Slim) Fit Long Sleeve Solid Dress Shirt – Colors (All Sizes),19
59,Modena,Modena Men’s Regular & Contemporary (Slim) Fit Long Sleeve Solid Dress Shirt – Colors (All Sizes),19
,Various,Best Of Cole Porter 1 / Various,11
59,Modena,Modena Men’s Regular & Contemporary (Slim) Fit Long Sleeve Solid Dress Shirt – Colors (All Sizes),19
59,Modena,Modena Men’s Regular & Contemporary (Slim) Fit Long Sleeve Solid Dress Shirt – Colors (All Sizes),19
59,Modena,Modena Men’s Regular & Contemporary (Slim) Fit Long Sleeve Solid Dress Shirt – Colors (All Sizes),19
59,Modena,Modena Men’s Regular & Contemporary (Slim) Fit Long Sleeve Solid Dress Shirt – Colors (All Sizes),19
59,Modena,Modena Men’s Regular & Contemporary (Slim) Fit Long Sleeve Solid Dress Shirt – Colors (All Sizes),19
59,Modena,Modena Men’s Regular & Contemporary (Slim) Fit Long Sleeve Solid Dress Shirt – Colors (All Sizes),19
59,Modena,Modena Men’s Regular & Contemporary (Slim) Fit Long Sleeve Solid Dress Shirt – Colors (All Sizes),19
,SEEBURG MUSIC LIBRARY INC.,In the Broadway Mood,11
59,Modena,Modena Men’s Regular & Contemporary (Slim) Fit Long Sleeve Solid Dress Shirt – Colors (All Sizes),19
59,Modena,Modena Men’s Regular & Contemporary (Slim) Fit Long Sleeve Solid Dress Shirt – Colors (All Sizes),19
59,Modena,Modena Men’s Regular & Contemporary (Slim) Fit Long Sleeve Solid Dress Shirt – Colors (All Sizes),19
59,Modena,Modena Men’s Regular & Contemporary (Slim) Fit Long Sleeve Solid Dress Shirt – Colors (All Sizes),19
59,Modena,Modena Men’s Regular & Contemporary (Slim) Fit Long Sleeve Solid Dress Shirt – Colors (All Sizes),19
59,Modena,Modena Men’s Regular & Contemporary (Slim) Fit Long Sleeve Solid Dress Shirt – Colors (All Sizes),19
59,Modena,Modena Men’s Regular & Contemporary (Slim) Fit Long Sleeve Solid Dress Shirt – Colors (All Sizes),19
59,Modena,Modena Men’s Regular & Contemporary (Slim) Fit Long Sleeve Solid Dress Shirt – Colors (All Sizes),19
10,,"English Serfdom and American Slavery Or, Ourselves--As Others See Us",7
,,"Modena Men's Long Sleeve Dress Shirt, 15.5 4-5, French Blue",22
59,Modena,Modena Men’s Regular & Contemporary (Slim) Fit Long Sleeve Solid Dress Shirt – Colors (All Sizes),19
59,Modena,Modena Men’s Regular & Contemporary (Slim) Fit Long Sleeve Solid Dress Shirt – Colors (All Sizes),19
59,Modena,Modena Men’s Regular & Contemporary (Slim) Fit Long Sleeve Solid Dress Shirt – Colors (All Sizes),19
59,Modena,Modena Men’s Regular & Contemporary (Slim) Fit Long Sleeve Solid Dress Shirt – Colors (All Sizes),19
59,Modena,Modena Men’s Regular & Contemporary (Slim) Fit Long Sleeve Solid Dress Shirt – Colors (All Sizes),19
59,Modena,Modena Men’s Regular & Contemporary (Slim) Fit Long Sleeve Solid Dress Shirt – Colors (All Sizes),19
,,"Modena Men's Long Sleeve Dress Shirt, 15 2-3, Melon",19
59,Modena,Modena Men’s Regular & Contemporary (Slim) Fit Long Sleeve Solid Dress Shirt – Colors (All Sizes),19
59,Modena,Modena Men’s Regular & Contemporary (Slim) Fit Long Sleeve Solid Dress Shirt – Colors (All Sizes),19
,MOTORPSYCHO,Supersonic Scientists,
59,Modena,Modena Men’s Regular & Contemporary (Slim) Fit Long Sleeve Solid Dress Shirt – Colors (All Sizes),19
59,Modena,Modena Men’s Regular & Contemporary (Slim) Fit Long Sleeve Solid Dress Shirt – Colors (All Sizes),19
,,Roots of Fight Cassius Clay 1964 Champion Sun Faded Tee XX-Large,39
,,"Modena Men's Long Sleeve Dress Shirt, 22 8-9, Egg Shell",28
59,Modena,Modena Men’s Regular & Contemporary (Slim) Fit Long Sleeve Solid Dress Shirt – Colors (All Sizes),19
59,Modena,Modena Men’s Regular & Contemporary (Slim) Fit Long Sleeve Solid Dress Shirt – Colors (All Sizes),19
59,Modena,Modena Men’s Regular & Contemporary (Slim) Fit Long Sleeve Solid Dress Shirt – Colors (All Sizes),19
59,Modena,Modena Men’s Regular & Contemporary (Slim) Fit Long Sleeve Solid Dress Shirt – Colors (All Sizes),19
59,Modena,Modena Men’s Regular & Contemporary (Slim) Fit Long Sleeve Solid Dress Shirt – Colors (All Sizes),19
,,"Modena Men's Long Sleeve Dress Shirt, 24 4-5, Egg Shell",27
59,Modena,Modena Men’s Regular & Contemporary (Slim) Fit Long Sleeve Solid Dress Shirt – Colors (All Sizes),19
59,Modena,Modena Men’s Regular & Contemporary (Slim) Fit Long Sleeve Solid Dress Shirt – Colors (All Sizes),19
31,Aven Store,Aven Store It?s just a Bunch Hocus Pocus Black T-Shirt,6
,Gallhammer,The Dawn Of...  Set,
,,"Ralph Lauren Polo Short Sleeve Basic Mesh Polo (Medium, Harbor Island Blue)",85
,,"Modena Men's Long Sleeve Dress Shirt, 24 40-41, Egg Shell",27
59,Modena,Modena Men’s Regular & Contemporary (Slim) Fit Long Sleeve Solid Dress Shirt – Colors (All Sizes),19
59,Modena,Modena Men’s Regular & Contemporary (Slim) Fit Long Sleeve Solid Dress Shirt – Colors (All Sizes),19
59,Modena,Modena Men’s Regular & Contemporary (Slim) Fit Long Sleeve Solid Dress Shirt – Colors (All Sizes),19
59,Modena,Modena Men’s Regular & Contemporary (Slim) Fit Long Sleeve Solid Dress Shirt – Colors (All Sizes),19
,SAINTS & SINNERS,Skinhead Times,
36,Aven Store,Go Outside Worst Case Scenario A Bear Kills You for Fun Black T-Shirt,10
,NOCTURNAL FEAR,Excessive Cruelty,15
,Scherbenwelt,In unseren Händen,
,,Chris Crawford Knives Presents: Basic Slipjoints,39
,LEMUR,Die Rache Der Tiere,
,MC SADRI,Denkmal,
,,Contenance,
,METRO CHUCKS,Just Go,
,,50/50,
,ABROO,Konigreich Der Angst 7  7 Audiobook,
,PROFIS,Unter Dem Radar,
,AZYL,Regen,
,EGOISTEN,Schon Immer Fur Immer,
59,Modena,Modena Men’s Regular & Contemporary (Slim) Fit Long Sleeve Solid Dress Shirt – Colors (All Sizes),19
59,Modena,Modena Men’s Regular & Contemporary (Slim) Fit Long Sleeve Solid Dress Shirt – Colors (All Sizes),19
,NECROPSY,Psychopath Next Door,14
59,Modena,Modena Men’s Regular & Contemporary (Slim) Fit Long Sleeve Solid Dress Shirt – Colors (All Sizes),19
,,About Face Designs It Is What It Is T-Shirt Small,16
,Kali Yuga,Kali Yuga DIGI,
,LEMUR,Geraeusche,
,VIVUS HUMARE,Einkehr,59
,,Zrymgöll - Mighty Tavern,
,,ACHERONTAS-AMENTI DIGI,
,OIDIUM,Lactis,
,LIL WAYNE,Hunger For More,
,"BRELL,MARCEL",Allesgut Solang Mantut,
,,Meadownoise- It's 4:00 -RSD14 -DSG,9
,SHABAN,Apto Machinam,
,"Gallagher, Steve",Flying Diagonal,13
,ORGELHORST,C1 & Speed,
,MALPRACTICE,Mass,
,HOELLENLAERM,Zeit Zum Wieder Aufstehen,
,,Expedition Ins O,
,"SCHMEISSER,ALEX",Guck In Die Welt,
,,SS Jet 2 Onyx Polo Shirt Vice,32
,,SS Jet 2 Onyx Polo Shirt Mineral,41
,MONO & NIKITAMAN,Live,
,SHABAN & KAEPTN PENG,Die Zaehmung Der Hydra,
,,The Descent to the Source of Disorder,
,NICONE,Nicotin,
,,Asphalt,
,,Black Blood Flux,
,Celestia,Archaenae Perfectii,
,,Jasmus,
26,Aven Store,I Will Be Your Friend Anti Bullying at School Vintage for Go to School Black T-Shirt,19
,RIPMEN,Rott In Pieces,
,,Fleisch Hat Immer Saison,
,LUFTMENTSCHN,Liebesrausch,
,,Kalivagi,
,VARIOUS ARTISTS,Soundtrack Der Strasse-,
,,Gehirnwaesche,
,,Ausser Kontrolle,
,SMOKE,Only Time Will Tell,44
,Eric Clapton T-Shirt,"Eric Clapton Blackie Fillmore Green T- Shirt Army Green, XXLarge",19
,KING ORGASMUS ONE,La Petite Mort,
,,Fuer Immer,
,Under Black Clouds,Dawn,
,Monique Dumont,Se connaître c'est s'oublier : Propos et enseignements zen,21
, and ,Abdullah Abdullah : L'Afghan qui dit non aux talibans,20
,,Les mots de la religion dans l'Europe contemporaine,10
,,"Herodote - numero 76 - les geographes, sciences et l'illusion",15
,,Eglise Aux Serpents (L') (Collections Litterature) (French Edition),61
